{
  "episodes": [
    1000,
    2000,
    3000,
    4000
  ],
  "episodes_T": [
    24975,
    49975,
    74975,
    99975
  ],
  "mean_episode_reward": [
    -670.5542814108728,
    -755.1420668616456,
    -601.3162191074134,
    -566.7222199161679
  ],
  "mean_episode_reward_T": [
    24975,
    49975,
    74975,
    99975
  ],
  "return_mean": [
    -670.5542814108728,
    -755.1420668616456,
    -601.3162191074134,
    -566.7222199161679
  ],
  "return_mean_T": [
    24975,
    49975,
    74975,
    99975
  ],
  "return_mean_agent0": [
    -223.51809380362425,
    -251.7140222872152,
    -200.4387397024711,
    -188.90740663872256
  ],
  "return_mean_agent0_T": [
    24975,
    49975,
    74975,
    99975
  ],
  "return_mean_agent1": [
    -223.51809380362425,
    -251.7140222872152,
    -200.4387397024711,
    -188.90740663872256
  ],
  "return_mean_agent1_T": [
    24975,
    49975,
    74975,
    99975
  ],
  "return_mean_agent2": [
    -223.51809380362425,
    -251.7140222872152,
    -200.4387397024711,
    -188.90740663872256
  ],
  "return_mean_agent2_T": [
    24975,
    49975,
    74975,
    99975
  ],
  "time": [
    41.329,
    65.223,
    65.365,
    65.664
  ],
  "time_T": [
    24975,
    49975,
    74975,
    99975
  ]
}