{
  "episodes": [
    1000,
    2000,
    3000,
    4000,
    5000,
    6000,
    7000,
    8000,
    9000,
    10000,
    11000,
    12000,
    13000,
    14000,
    15000,
    16000,
    17000,
    18000,
    19000,
    20000,
    21000,
    22000,
    23000,
    24000,
    25000,
    26000,
    27000,
    28000,
    29000,
    30000,
    31000,
    32000,
    33000,
    34000,
    35000,
    36000,
    37000,
    38000,
    39000,
    40000,
    41000,
    42000,
    43000,
    44000,
    45000,
    46000,
    47000,
    48000,
    49000,
    50000,
    51000,
    52000,
    53000,
    54000,
    55000,
    56000,
    57000,
    58000,
    59000,
    60000
  ],
  "episodes_T": [
    24975,
    49975,
    74975,
    99975,
    124975,
    149975,
    174975,
    199975,
    224975,
    249975,
    274975,
    299975,
    324975,
    349975,
    374975,
    399975,
    424975,
    449975,
    474975,
    499975,
    524975,
    549975,
    574975,
    599975,
    624975,
    649975,
    674975,
    699975,
    724975,
    749975,
    774975,
    799975,
    824975,
    849975,
    874975,
    899975,
    924975,
    949975,
    974975,
    999975,
    1024975,
    1049975,
    1074975,
    1099975,
    1124975,
    1149975,
    1174975,
    1199975,
    1224975,
    1249975,
    1274975,
    1299975,
    1324975,
    1349975,
    1374975,
    1399975,
    1424975,
    1449975,
    1474975,
    1499975
  ],
  "mean_episode_reward": [
    -146.86628511432866,
    -155.18066334917694,
    -67.41496525657517,
    -60.74930250370223,
    -58.18474040172841,
    -55.694290473207175,
    -51.88625612811002,
    -50.464677189073015,
    -44.505798439899195,
    -42.499707387683564,
    -42.00462215829274,
    -42.04516575318176,
    -41.73268713200341,
    -41.23692163467444,
    -42.10378883462049,
    -41.715830324998834,
    -42.49541494043086,
    -40.74100867177089,
    -41.13013488050181,
    -41.53464053209449,
    -43.46533954240084,
    -42.16281167722752,
    -43.299248573919016,
    -40.49746238228881,
    -41.119478878829916,
    -41.863136705764724,
    -39.921937658788394,
    -40.66553153163365,
    -42.23462115406844,
    -41.95470714318378,
    -42.1539420307236,
    -45.34491223081961,
    -43.232568351847405,
    -43.7760018258359,
    -44.035641459845245,
    -43.30540803811591,
    -45.06267666476635,
    -43.9269276581913,
    -45.02835755860917,
    -42.29915177107725,
    -42.432513753210294,
    -43.797507470108584,
    -43.562846614555326,
    -41.783538612830206,
    -43.68448318151588,
    -42.64501442448233,
    -45.59763922340996,
    -43.965525863052854,
    -43.007747977269275,
    -46.259481230401434,
    -44.89630719989033,
    -46.087752547878104,
    -44.147255447201346,
    -44.635127820707,
    -45.878311653725966,
    -43.986490478899285,
    -44.70754506572365,
    -44.645932828538456,
    -45.06420698579951,
    -44.95768788926347
  ],
  "mean_episode_reward_T": [
    24975,
    49975,
    74975,
    99975,
    124975,
    149975,
    174975,
    199975,
    224975,
    249975,
    274975,
    299975,
    324975,
    349975,
    374975,
    399975,
    424975,
    449975,
    474975,
    499975,
    524975,
    549975,
    574975,
    599975,
    624975,
    649975,
    674975,
    699975,
    724975,
    749975,
    774975,
    799975,
    824975,
    849975,
    874975,
    899975,
    924975,
    949975,
    974975,
    999975,
    1024975,
    1049975,
    1074975,
    1099975,
    1124975,
    1149975,
    1174975,
    1199975,
    1224975,
    1249975,
    1274975,
    1299975,
    1324975,
    1349975,
    1374975,
    1399975,
    1424975,
    1449975,
    1474975,
    1499975
  ],
  "return_mean": [
    -146.86628511432866,
    -155.18066334917694,
    -67.41496525657517,
    -60.74930250370223,
    -58.18474040172841,
    -55.694290473207175,
    -51.88625612811002,
    -50.464677189073015,
    -44.505798439899195,
    -42.499707387683564,
    -42.00462215829274,
    -42.04516575318176,
    -41.73268713200341,
    -41.23692163467444,
    -42.10378883462049,
    -41.715830324998834,
    -42.49541494043086,
    -40.74100867177089,
    -41.13013488050181,
    -41.53464053209449,
    -43.46533954240084,
    -42.16281167722752,
    -43.299248573919016,
    -40.49746238228881,
    -41.119478878829916,
    -41.863136705764724,
    -39.921937658788394,
    -40.66553153163365,
    -42.23462115406844,
    -41.95470714318378,
    -42.1539420307236,
    -45.34491223081961,
    -43.232568351847405,
    -43.7760018258359,
    -44.035641459845245,
    -43.30540803811591,
    -45.06267666476635,
    -43.9269276581913,
    -45.02835755860917,
    -42.29915177107725,
    -42.432513753210294,
    -43.797507470108584,
    -43.562846614555326,
    -41.783538612830206,
    -43.68448318151588,
    -42.64501442448233,
    -45.59763922340996,
    -43.965525863052854,
    -43.007747977269275,
    -46.259481230401434,
    -44.89630719989033,
    -46.087752547878104,
    -44.147255447201346,
    -44.635127820707,
    -45.878311653725966,
    -43.986490478899285,
    -44.70754506572365,
    -44.645932828538456,
    -45.06420698579951,
    -44.95768788926347
  ],
  "return_mean_T": [
    24975,
    49975,
    74975,
    99975,
    124975,
    149975,
    174975,
    199975,
    224975,
    249975,
    274975,
    299975,
    324975,
    349975,
    374975,
    399975,
    424975,
    449975,
    474975,
    499975,
    524975,
    549975,
    574975,
    599975,
    624975,
    649975,
    674975,
    699975,
    724975,
    749975,
    774975,
    799975,
    824975,
    849975,
    874975,
    899975,
    924975,
    949975,
    974975,
    999975,
    1024975,
    1049975,
    1074975,
    1099975,
    1124975,
    1149975,
    1174975,
    1199975,
    1224975,
    1249975,
    1274975,
    1299975,
    1324975,
    1349975,
    1374975,
    1399975,
    1424975,
    1449975,
    1474975,
    1499975
  ],
  "return_mean_agent0": [
    -73.43314255716433,
    -77.59033167458847,
    -33.707482628287586,
    -30.374651251851112,
    -29.092370200864206,
    -27.847145236603588,
    -25.94312806405501,
    -25.232338594536508,
    -22.252899219949597,
    -21.249853693841782,
    -21.00231107914637,
    -21.02258287659088,
    -20.866343566001706,
    -20.61846081733722,
    -21.051894417310244,
    -20.857915162499413,
    -21.247707470215428,
    -20.370504335885446,
    -20.565067440250903,
    -20.767320266047246,
    -21.732669771200424,
    -21.08140583861376,
    -21.649624286959508,
    -20.248731191144405,
    -20.559739439414955,
    -20.931568352882362,
    -19.960968829394197,
    -20.332765765816823,
    -21.117310577034218,
    -20.97735357159189,
    -21.0769710153618,
    -22.672456115409805,
    -21.616284175923703,
    -21.88800091291795,
    -22.017820729922622,
    -21.652704019057953,
    -22.531338332383175,
    -21.96346382909565,
    -22.514178779304586,
    -21.149575885538624,
    -21.216256876605147,
    -21.898753735054292,
    -21.781423307277663,
    -20.891769306415103,
    -21.84224159075794,
    -21.322507212241174,
    -22.79881961170498,
    -21.982762931526427,
    -21.503873988634638,
    -23.129740615200713,
    -22.448153599945165,
    -23.04387627393905,
    -22.073627723600673,
    -22.3175639103535,
    -22.93915582686298,
    -21.993245239449642,
    -22.353772532861825,
    -22.322966414269228,
    -22.532103492899754,
    -22.478843944631734
  ],