{
  "episodes": [
    1000,
    2000,
    3000,
    4000,
    5000,
    6000,
    7000,
    8000,
    9000,
    10000,
    11000,
    12000,
    13000
  ],
  "episodes_T": [
    24975,
    49975,
    74975,
    99975,
    124975,
    149975,
    174975,
    199975,
    224975,
    249975,
    274975,
    299975,
    324975
  ],
  "mean_episode_reward": [
    -146.86628511432866,
    -155.18066334917694,
    -67.41496525657517,
    -60.74930250370223,
    -58.18474040172841,
    -55.694290473207175,
    -51.88625612811002,
    -50.464677189073015,
    -44.505798439899195,
    -42.499707387683564,
    -42.00462215829274,
    -42.04516575318176,
    -41.73268713200341
  ],
  "mean_episode_reward_T": [
    24975,
    49975,
    74975,
    99975,
    124975,
    149975,
    174975,
    199975,
    224975,
    249975,
    274975,
    299975,
    324975
  ],
  "return_mean": [
    -146.86628511432866,
    -155.18066334917694,
    -67.41496525657517,
    -60.74930250370223,
    -58.18474040172841,
    -55.694290473207175,
    -51.88625612811002,
    -50.464677189073015,
    -44.505798439899195,
    -42.499707387683564,
    -42.00462215829274,
    -42.04516575318176,
    -41.73268713200341
  ],
  "return_mean_T": [
    24975,
    49975,
    74975,
    99975,
    124975,
    149975,
    174975,
    199975,
    224975,
    249975,
    274975,
    299975,
    324975
  ],
  "return_mean_agent0": [
    -73.43314255716433,
    -77.59033167458847,
    -33.707482628287586,
    -30.374651251851112,
    -29.092370200864206,
    -27.847145236603588,
    -25.94312806405501,
    -25.232338594536508,
    -22.252899219949597,
    -21.249853693841782,
    -21.00231107914637,
    -21.02258287659088,
    -20.866343566001706
  ],
  "return_mean_agent0_T": [
    24975,
    49975,
    74975,
    99975,
    124975,
    149975,
    174975,
    199975,
    224975,
    249975,
    274975,
    299975,
    324975
  ],
  "return_mean_agent1": [
    -73.43314255716433,
    -77.59033167458847,
    -33.707482628287586,
    -30.374651251851112,
    -29.092370200864206,
    -27.847145236603588,
    -25.94312806405501,
    -25.232338594536508,
    -22.252899219949597,
    -21.249853693841782,
    -21.00231107914637,
    -21.02258287659088,
    -20.866343566001706
  ],
  "return_mean_agent1_T": [
    24975,
    49975,
    74975,
    99975,
    124975,
    149975,
    174975,
    199975,
    224975,
    249975,
    274975,
    299975,
    324975
  ],
  "time": [
    38.625,
    54.296,
    57.246,
    57.586,
    57.016,
    57.294,
    59.491,
    58.609,
    56.72,
    55.046,
    57.201,
    56.442,
    56.425
  ],
  "time_T": [
    24975,
    49975,
    74975,
    99975,
    124975,
    149975,
    174975,
    199975,
    224975,
    249975,
    274975,
    299975,
    324975
  ]
}