{
  "episodes": [
    1000,
    2000,
    3000,
    4000,
    5000,
    6000,
    7000,
    8000,
    9000,
    10000,
    11000,
    12000,
    13000,
    14000,
    15000,
    16000,
    17000,
    18000,
    19000,
    20000,
    21000,
    22000,
    23000,
    24000,
    25000,
    26000,
    27000,
    28000,
    29000,
    30000,
    31000,
    32000,
    33000,
    34000,
    35000,
    36000,
    37000,
    38000,
    39000,
    40000,
    41000,
    42000,
    43000,
    44000,
    45000,
    46000,
    47000,
    48000,
    49000,
    50000,
    51000,
    52000,
    53000,
    54000,
    55000,
    56000,
    57000,
    58000,
    59000,
    60000
  ],
  "episodes_T": [
    24975,
    49975,
    74975,
    99975,
    124975,
    149975,
    174975,
    199975,
    224975,
    249975,
    274975,
    299975,
    324975,
    349975,
    374975,
    399975,
    424975,
    449975,
    474975,
    499975,
    524975,
    549975,
    574975,
    599975,
    624975,
    649975,
    674975,
    699975,
    724975,
    749975,
    774975,
    799975,
    824975,
    849975,
    874975,
    899975,
    924975,
    949975,
    974975,
    999975,
    1024975,
    1049975,
    1074975,
    1099975,
    1124975,
    1149975,
    1174975,
    1199975,
    1224975,
    1249975,
    1274975,
    1299975,
    1324975,
    1349975,
    1374975,
    1399975,
    1424975,
    1449975,
    1474975,
    1499975
  ],
  "mean_episode_reward": [
    -144.92267161994945,
    -151.4056825361345,
    -60.81137789571482,
    -51.502787867431174,
    -45.21129498537194,
    -45.06683325472058,
    -42.12171584272912,
    -44.56549312712751,
    -44.957391322177386,
    -44.7959742860588,
    -43.31794551034023,
    -45.74456417830322,
    -42.634421866639094,
    -43.581119706708314,
    -45.64873203215219,
    -44.97206554197099,
    -42.71625120594456,
    -44.12778185266819,
    -45.05938085274868,
    -45.366322616893356,
    -44.952992287716015,
    -47.92559258579472,
    -46.75611365896661,
    -45.807441968217105,
    -45.49517420036728,
    -43.66451213189031,
    -47.24578133083468,
    -45.7923312583304,
    -45.0239958951609,
    -45.22170542701967,
    -45.7197990361566,
    -47.22055152550762,
    -47.4387252343202,
    -48.01811371972765,
    -46.34147846783498,
    -46.452358264702646,
    -46.89270866178443,
    -44.76879982250642,
    -45.48683805215426,
    -44.06094165951434,
    -44.158034890851454,
    -44.34671631249044,
    -43.078012721828344,
    -42.85386336071901,
    -44.83054102617488,
    -45.35385763794804,
    -45.023382166161454,
    -43.84237309706245,
    -43.49686183353373,
    -44.10435195823536,
    -45.183871858560245,
    -44.66112457719982,
    -51.021428797535606,
    -42.75084096627166,
    -45.529636367372845,
    -44.88646920061362,
    -45.68992863390305,
    -44.64814284576017,
    -46.00604613429587,
    -45.63972919170483
  ],
  "mean_episode_reward_T": [
    24975,
    49975,
    74975,
    99975,
    124975,
    149975,
    174975,
    199975,
    224975,
    249975,
    274975,
    299975,
    324975,
    349975,
    374975,
    399975,
    424975,
    449975,
    474975,
    499975,
    524975,
    549975,
    574975,
    599975,
    624975,
    649975,
    674975,
    699975,
    724975,
    749975,
    774975,
    799975,
    824975,
    849975,
    874975,
    899975,
    924975,
    949975,
    974975,
    999975,
    1024975,
    1049975,
    1074975,
    1099975,
    1124975,
    1149975,
    1174975,
    1199975,
    1224975,
    1249975,
    1274975,
    1299975,
    1324975,
    1349975,
    1374975,
    1399975,
    1424975,
    1449975,
    1474975,
    1499975
  ],
  "return_mean": [
    -144.92267161994945,
    -151.4056825361345,
    -60.81137789571482,
    -51.502787867431174,
    -45.21129498537194,
    -45.06683325472058,
    -42.12171584272912,
    -44.56549312712751,
    -44.957391322177386,
    -44.7959742860588,
    -43.31794551034023,
    -45.74456417830322,
    -42.634421866639094,
    -43.581119706708314,
    -45.64873203215219,
    -44.97206554197099,
    -42.71625120594456,
    -44.12778185266819,
    -45.05938085274868,
    -45.366322616893356,
    -44.952992287716015,
    -47.92559258579472,
    -46.75611365896661,
    -45.807441968217105,
    -45.49517420036728,
    -43.66451213189031,
    -47.24578133083468,
    -45.7923312583304,
    -45.0239958951609,
    -45.22170542701967,
    -45.7197990361566,
    -47.22055152550762,
    -47.4387252343202,
    -48.01811371972765,
    -46.34147846783498,
    -46.452358264702646,
    -46.89270866178443,
    -44.76879982250642,
    -45.48683805215426,
    -44.06094165951434,
    -44.158034890851454,
    -44.34671631249044,
    -43.078012721828344,
    -42.85386336071901,
    -44.83054102617488,
    -45.35385763794804,
    -45.023382166161454,
    -43.84237309706245,
    -43.49686183353373,
    -44.10435195823536,
    -45.183871858560245,
    -44.66112457719982,
    -51.021428797535606,
    -42.75084096627166,
    -45.529636367372845,
    -44.88646920061362,
    -45.68992863390305,
    -44.64814284576017,
    -46.00604613429587,
    -45.63972919170483
  ],
  "return_mean_T": [
    24975,
    49975,
    74975,
    99975,
    124975,
    149975,
    174975,
    199975,
    224975,
    249975,
    274975,
    299975,
    324975,
    349975,
    374975,
    399975,
    424975,
    449975,
    474975,
    499975,
    524975,
    549975,
    574975,
    599975,
    624975,
    649975,
    674975,
    699975,
    724975,
    749975,
    774975,
    799975,
    824975,
    849975,
    874975,
    899975,
    924975,
    949975,
    974975,
    999975,
    1024975,
    1049975,
    1074975,
    1099975,
    1124975,
    1149975,
    1174975,
    1199975,
    1224975,
    1249975,
    1274975,
    1299975,
    1324975,
    1349975,
    1374975,
    1399975,
    1424975,
    1449975,
    1474975,
    1499975
  ],
  "return_mean_agent0": [
    -72.46133580997473,
    -75.70284126806725,
    -30.405688947857406,
    -25.75139393371559,
    -22.60564749268597,
    -22.53341662736029,
    -21.06085792136456,
    -22.282746563563755,
    -22.478695661088693,
    -22.397987143029397,
    -21.658972755170115,
    -22.872282089151614,
    -21.317210933319547,
    -21.790559853354157,
    -22.824366016076095,
    -22.486032770985496,
    -21.35812560297228,
    -22.063890926334096,
    -22.52969042637434,
    -22.683161308446678,
    -22.476496143858007,
    -23.96279629289736,
    -23.378056829483306,
    -22.903720984108553,
    -22.74758710018364,
    -21.832256065945156,
    -23.62289066541734,
    -22.8961656291652,
    -22.51199794758045,
    -22.610852713509843,
    -22.859899518078297,
    -23.61027576275381,
    -23.7193626171601,
    -24.009056859863826,
    -23.170739233917498,
    -23.226179132351323,
    -23.446354330892216,
    -22.38439991125321,
    -22.743419026077127,
    -22.03047082975717,
    -22.079017445425727,
    -22.17335815624522,
    -21.539006360914172,
    -21.42693168035951,
    -22.41527051308744,
    -22.67692881897402,
    -22.511691083080727,
    -21.921186548531225,
    -21.748430916766864,
    -22.05217597911768,
    -22.591935929280123,
    -22.330562288599914,
    -25.510714398767806,
    -21.375420483135827,
    -22.764818183686423,
    -22.44323460030681,
    -22.84496431695153,
    -22.32407142288009,
    -23.003023067147936,
    -22.819864595852415
  ],