{
  "episodes": [
    1000,
    2000,
    3000,
    4000,
    5000,
    6000,
    7000,
    8000,
    9000,
    10000,
    11000,
    12000,
    13000,
    14000,
    15000,
    16000
  ],
  "episodes_T": [
    24975,
    49975,
    74975,
    99975,
    124975,
    149975,
    174975,
    199975,
    224975,
    249975,
    274975,
    299975,
    324975,
    349975,
    374975,
    399975
  ],
  "mean_episode_reward": [
    -144.92267161994945,
    -151.4056825361345,
    -60.81137789571482,
    -51.502787867431174,
    -45.21129498537194,
    -45.06683325472058,
    -42.12171584272912,
    -44.56549312712751,
    -44.957391322177386,
    -44.7959742860588,
    -43.31794551034023,
    -45.74456417830322,
    -42.634421866639094,
    -43.581119706708314,
    -45.64873203215219,
    -44.97206554197099
  ],
  "mean_episode_reward_T": [
    24975,
    49975,
    74975,
    99975,
    124975,
    149975,
    174975,
    199975,
    224975,
    249975,
    274975,
    299975,
    324975,
    349975,
    374975,
    399975
  ],
  "return_mean": [
    -144.92267161994945,
    -151.4056825361345,
    -60.81137789571482,
    -51.502787867431174,
    -45.21129498537194,
    -45.06683325472058,
    -42.12171584272912,
    -44.56549312712751,
    -44.957391322177386,
    -44.7959742860588,
    -43.31794551034023,
    -45.74456417830322,
    -42.634421866639094,
    -43.581119706708314,
    -45.64873203215219,
    -44.97206554197099
  ],
  "return_mean_T": [
    24975,
    49975,
    74975,
    99975,
    124975,
    149975,
    174975,
    199975,
    224975,
    249975,
    274975,
    299975,
    324975,
    349975,
    374975,
    399975
  ],
  "return_mean_agent0": [
    -72.46133580997473,
    -75.70284126806725,
    -30.405688947857406,
    -25.75139393371559,
    -22.60564749268597,
    -22.53341662736029,
    -21.06085792136456,
    -22.282746563563755,
    -22.478695661088693,
    -22.397987143029397,
    -21.658972755170115,
    -22.872282089151614,
    -21.317210933319547,
    -21.790559853354157,
    -22.824366016076095,
    -22.486032770985496
  ],
  "return_mean_agent0_T": [
    24975,
    49975,
    74975,
    99975,
    124975,
    149975,
    174975,
    199975,
    224975,
    249975,
    274975,
    299975,
    324975,
    349975,
    374975,
    399975
  ],
  "return_mean_agent1": [
    -72.46133580997473,
    -75.70284126806725,
    -30.405688947857406,
    -25.75139393371559,
    -22.60564749268597,
    -22.53341662736029,
    -21.06085792136456,
    -22.282746563563755,
    -22.478695661088693,
    -22.397987143029397,
    -21.658972755170115,
    -22.872282089151614,
    -21.317210933319547,
    -21.790559853354157,
    -22.824366016076095,
    -22.486032770985496
  ],
  "return_mean_agent1_T": [
    24975,
    49975,
    74975,
    99975,
    124975,
    149975,
    174975,
    199975,
    224975,
    249975,
    274975,
    299975,
    324975,
    349975,
    374975,
    399975
  ],
  "time": [
    36.581,
    50.825,
    52.862,
    54.122,
    52.718,
    52.57,
    53.099,
    54.815,
    53.888,
    51.79,
    51.095,
    53.54,
    52.047,
    51.779,
    51.071,
    50.116
  ],
  "time_T": [
    24975,
    49975,
    74975,
    99975,
    124975,
    149975,
    174975,
    199975,
    224975,
    249975,
    274975,
    299975,
    324975,
    349975,
    374975,
    399975
  ]
}